-- User Data
INSERT INTO public."user" (id, firstname, lastname, username, email, phone, gender, date_of_birth, country, city, specialisation, batting_style, bowling_style, created_on, updated_on) VALUES (18, 'Raina', null, null, null, '908999', null, null, null, null, null, null, null, '2024-05-24 16:05:43.901000', '2024-05-24 12:24:00.725724');
INSERT INTO public."user" (id, firstname, lastname, username, email, phone, gender, date_of_birth, country, city, specialisation, batting_style, bowling_style, created_on, updated_on) VALUES (13, 'Jadeja', null, null, null, '90892', null, null, null, null, null, null, null, '2024-05-24 16:05:22.059000', '2024-05-24 12:24:00.725724');
INSERT INTO public."user" (id, firstname, lastname, username, email, phone, gender, date_of_birth, country, city, specialisation, batting_style, bowling_style, created_on, updated_on) VALUES (6, 'Dhoni', null, null, null, '6346', null, null, null, null, null, null, null, '2024-05-24 16:02:30.551000', '2024-05-24 12:24:00.725724');
INSERT INTO public."user" (id, firstname, lastname, username, email, phone, gender, date_of_birth, country, city, specialisation, batting_style, bowling_style, created_on, updated_on) VALUES (17, 'Ganguly', null, null, null, '908998', null, null, null, null, null, null, null, '2024-05-24 16:05:39.675000', '2024-05-24 12:24:00.725724');
INSERT INTO public."user" (id, firstname, lastname, username, email, phone, gender, date_of_birth, country, city, specialisation, batting_style, bowling_style, created_on, updated_on) VALUES (7, 'Sachin', null, null, null, '234266', null, null, null, null, null, null, null, '2024-05-24 16:02:35.666000', '2024-05-24 12:24:00.725724');
INSERT INTO public."user" (id, firstname, lastname, username, email, phone, gender, date_of_birth, country, city, specialisation, batting_style, bowling_style, created_on, updated_on) VALUES (15, 'Zaheer', null, null, null, '908916', null, null, null, null, null, null, null, '2024-05-24 16:05:30.398000', '2024-05-24 12:24:00.725724');
INSERT INTO public."user" (id, firstname, lastname, username, email, phone, gender, date_of_birth, country, city, specialisation, batting_style, bowling_style, created_on, updated_on) VALUES (20, 'Rohit', 'Sharma', null, null, '6758', null, null, null, null, null, null, null, '2024-05-24 16:05:51.810000', '2024-05-24 12:24:00.725724');
INSERT INTO public."user" (id, firstname, lastname, username, email, phone, gender, date_of_birth, country, city, specialisation, batting_style, bowling_style, created_on, updated_on) VALUES (2, 'Lakshay', null, null, null, '8586916965', null, null, null, null, null, null, null, '2024-05-24 16:02:08.950000', '2024-05-24 12:24:00.725724');
INSERT INTO public."user" (id, firstname, lastname, username, email, phone, gender, date_of_birth, country, city, specialisation, batting_style, bowling_style, created_on, updated_on) VALUES (5, 'Kohli', null, null, null, '51', null, null, null, null, null, null, null, '2024-05-24 16:02:26.905000', '2024-05-24 12:24:00.725724');
INSERT INTO public."user" (id, firstname, lastname, username, email, phone, gender, date_of_birth, country, city, specialisation, batting_style, bowling_style, created_on, updated_on) VALUES (10, 'Pandya', null, null, null, '4376899', null, null, null, null, null, null, null, '2024-05-24 16:03:24.733000', '2024-05-24 12:24:00.725724');
INSERT INTO public."user" (id, firstname, lastname, username, email, phone, gender, date_of_birth, country, city, specialisation, batting_style, bowling_style, created_on, updated_on) VALUES (9, 'KL Rahul', null, null, null, '437689', null, null, null, null, null, null, null, '2024-05-24 16:02:53.173000', '2024-05-24 12:24:00.725724');
INSERT INTO public."user" (id, firstname, lastname, username, email, phone, gender, date_of_birth, country, city, specialisation, batting_style, bowling_style, created_on, updated_on) VALUES (1, 'Divyansh', null, null, null, '8375053066', null, null, null, null, null, null, null, '2024-05-24 15:33:16.886000', '2024-05-24 12:24:00.725724');
INSERT INTO public."user" (id, firstname, lastname, username, email, phone, gender, date_of_birth, country, city, specialisation, batting_style, bowling_style, created_on, updated_on) VALUES (14, 'Siraj', null, null, null, '908915', null, null, null, null, null, null, null, '2024-05-24 16:05:26.150000', '2024-05-24 12:24:00.725724');
INSERT INTO public."user" (id, firstname, lastname, username, email, phone, gender, date_of_birth, country, city, specialisation, batting_style, bowling_style, created_on, updated_on) VALUES (16, 'Dravid', null, null, null, '908906', null, null, null, null, null, null, null, '2024-05-24 16:05:34.771000', '2024-05-24 12:24:00.725724');
INSERT INTO public."user" (id, firstname, lastname, username, email, phone, gender, date_of_birth, country, city, specialisation, batting_style, bowling_style, created_on, updated_on) VALUES (22, 'Kuldeep', 'Yadav', null, null, '42689', null, null, null, null, null, null, null, '2024-05-24 16:06:01.622000', '2024-05-24 12:24:00.725724');
INSERT INTO public."user" (id, firstname, lastname, username, email, phone, gender, date_of_birth, country, city, specialisation, batting_style, bowling_style, created_on, updated_on) VALUES (11, 'Ashwin', null, null, null, '90890', null, null, null, null, null, null, null, '2024-05-24 16:03:44.974000', '2024-05-24 12:24:00.725724');
INSERT INTO public."user" (id, firstname, lastname, username, email, phone, gender, date_of_birth, country, city, specialisation, batting_style, bowling_style, created_on, updated_on) VALUES (21, 'Yuzi', 'Chahal', null, null, '76999', null, null, null, null, null, null, null, '2024-05-24 16:05:56.291000', '2024-05-24 12:24:00.725724');
INSERT INTO public."user" (id, firstname, lastname, username, email, phone, gender, date_of_birth, country, city, specialisation, batting_style, bowling_style, created_on, updated_on) VALUES (12, 'Bumrah', null, null, null, '90891', null, null, null, null, null, null, null, '2024-05-24 16:05:17.684000', '2024-05-24 12:24:00.725724');
INSERT INTO public."user" (id, firstname, lastname, username, email, phone, gender, date_of_birth, country, city, specialisation, batting_style, bowling_style, created_on, updated_on) VALUES (4, 'Gambhir', null, null, null, '23', null, null, null, null, null, null, null, '2024-05-24 16:02:23.871000', '2024-05-24 12:24:00.725724');
INSERT INTO public."user" (id, firstname, lastname, username, email, phone, gender, date_of_birth, country, city, specialisation, batting_style, bowling_style, created_on, updated_on) VALUES (3, 'Tushar', null, null, null, '123123124124', null, null, null, null, null, null, null, '2024-05-24 16:02:18.932000', '2024-05-24 12:24:00.725724');
INSERT INTO public."user" (id, firstname, lastname, username, email, phone, gender, date_of_birth, country, city, specialisation, batting_style, bowling_style, created_on, updated_on) VALUES (8, 'Yuvraj', null, null, null, '7748589', null, null, null, null, null, null, null, '2024-05-24 16:02:48.193000', '2024-05-24 12:24:00.725724');
INSERT INTO public."user" (id, firstname, lastname, username, email, phone, gender, date_of_birth, country, city, specialisation, batting_style, bowling_style, created_on, updated_on) VALUES (19, 'Irfan', 'Pathan', null, null, '918999', null, null, null, null, null, null, null, '2024-05-24 16:05:48.019000', '2024-05-24 12:24:00.725724');


-- Ground Data
INSERT INTO public.ground (id, name, lat, lon, address, created_on, updated_on) VALUES (1, 'DTU Sports Complex', null, null, 'Bawana Land', '2024-05-24 15:46:04.754000', '2024-05-24 15:46:04.754000');

-- Team Data
INSERT INTO public.team (id, name, created_on, updated_on) VALUES (1, 'Delhi XI', '2024-05-24 15:36:47.866000', '2024-05-26 09:17:02.833536');
INSERT INTO public.team (id, name, created_on, updated_on) VALUES (2, 'Bangalore XI', '2024-05-24 15:37:41.363000', '2024-05-26 09:34:41.439217');

-- Match Data
INSERT INTO public.match (id, toss_win, toss_decision, tournament_id, name, ground_id, team1_id, team2_id, overs, city, country, match_date, status, meta, winner, created_on, updated_on) VALUES (1, 1, 'BAT_FIRST', null, 'Jo Haara woh chutiya', 1, 1, 2, 20, 'Delhi', 'India', null, 'UPCOMING', null, null, '2024-05-24 15:54:56.838000', '2024-05-26 14:11:36.852206');

-- Team Player
INSERT INTO public.team_player (id, user_id, team_id, team_role, created_on, updated_on) VALUES (3, 1, 1, 'CAPTAIN', '2024-05-25 13:47:34.813000', '2024-05-25 13:47:34.829396');
INSERT INTO public.team_player (id, user_id, team_id, team_role, created_on, updated_on) VALUES (4, 2, 1, null, '2024-05-25 13:56:37.869000', '2024-05-25 08:35:47.012645');
INSERT INTO public.team_player (id, user_id, team_id, team_role, created_on, updated_on) VALUES (5, 3, 1, null, '2024-05-25 14:06:38.020000', '2024-05-25 14:06:38.034920');
INSERT INTO public.team_player (id, user_id, team_id, team_role, created_on, updated_on) VALUES (6, 4, 1, null, '2024-05-25 14:35:20.868000', '2024-05-25 14:35:20.881687');
INSERT INTO public.team_player (id, user_id, team_id, team_role, created_on, updated_on) VALUES (7, 5, 1, null, '2024-05-26 08:52:08.985000', '2024-05-26 08:52:08.998647');
INSERT INTO public.team_player (id, user_id, team_id, team_role, created_on, updated_on) VALUES (8, 7, 1, null, '2024-05-26 08:52:46.704000', '2024-05-26 08:52:46.722354');
INSERT INTO public.team_player (id, user_id, team_id, team_role, created_on, updated_on) VALUES (9, 6, 1, null, '2024-05-26 09:16:34.770000', '2024-05-26 09:16:34.786565');
INSERT INTO public.team_player (id, user_id, team_id, team_role, created_on, updated_on) VALUES (10, 8, 1, null, '2024-05-26 09:16:52.520000', '2024-05-26 09:16:52.523217');
INSERT INTO public.team_player (id, user_id, team_id, team_role, created_on, updated_on) VALUES (11, 9, 1, null, '2024-05-26 09:16:56.692000', '2024-05-26 09:16:56.695588');
INSERT INTO public.team_player (id, user_id, team_id, team_role, created_on, updated_on) VALUES (12, 10, 1, null, '2024-05-26 09:17:00.055000', '2024-05-26 09:17:00.071180');
INSERT INTO public.team_player (id, user_id, team_id, team_role, created_on, updated_on) VALUES (13, 11, 1, null, '2024-05-26 09:17:02.830000', '2024-05-26 09:17:02.833536');
INSERT INTO public.team_player (id, user_id, team_id, team_role, created_on, updated_on) VALUES (14, 12, 2, null, '2024-05-26 09:34:10.190000', '2024-05-26 09:34:10.196725');
INSERT INTO public.team_player (id, user_id, team_id, team_role, created_on, updated_on) VALUES (15, 13, 2, null, '2024-05-26 09:34:15.140000', '2024-05-26 09:34:15.148473');
INSERT INTO public.team_player (id, user_id, team_id, team_role, created_on, updated_on) VALUES (16, 14, 2, null, '2024-05-26 09:34:19.280000', '2024-05-26 09:34:19.288294');
INSERT INTO public.team_player (id, user_id, team_id, team_role, created_on, updated_on) VALUES (17, 15, 2, null, '2024-05-26 09:34:21.950000', '2024-05-26 09:34:21.959839');
INSERT INTO public.team_player (id, user_id, team_id, team_role, created_on, updated_on) VALUES (18, 16, 2, null, '2024-05-26 09:34:24.756000', '2024-05-26 09:34:24.759235');
INSERT INTO public.team_player (id, user_id, team_id, team_role, created_on, updated_on) VALUES (20, 18, 2, null, '2024-05-26 09:34:28.540000', '2024-05-26 09:34:28.543457');
INSERT INTO public.team_player (id, user_id, team_id, team_role, created_on, updated_on) VALUES (21, 19, 2, null, '2024-05-26 09:34:31.453000', '2024-05-26 09:34:31.456062');
INSERT INTO public.team_player (id, user_id, team_id, team_role, created_on, updated_on) VALUES (22, 20, 2, null, '2024-05-26 09:34:35.592000', '2024-05-26 09:34:35.596359');
INSERT INTO public.team_player (id, user_id, team_id, team_role, created_on, updated_on) VALUES (23, 21, 2, null, '2024-05-26 09:34:38.071000', '2024-05-26 09:34:38.074527');
INSERT INTO public.team_player (id, user_id, team_id, team_role, created_on, updated_on) VALUES (24, 22, 2, null, '2024-05-26 09:34:41.435000', '2024-05-26 09:34:41.439217');
INSERT INTO public.team_player (id, user_id, team_id, team_role, created_on, updated_on) VALUES (19, 17, 2, 'CAPTAIN', '2024-05-26 09:34:26.486000', '2024-05-26 04:05:13.903732');

-- Squad Player
INSERT INTO public.squad_player (id, team_id, match_id, player_id, created_on, updated_on) VALUES (1, 1, 1, 6, '2024-05-26 11:45:33.086000', '2024-05-26 11:45:33.103490');
INSERT INTO public.squad_player (id, team_id, match_id, player_id, created_on, updated_on) VALUES (2, 1, 1, 7, '2024-05-26 11:45:33.127000', '2024-05-26 11:45:33.103490');
INSERT INTO public.squad_player (id, team_id, match_id, player_id, created_on, updated_on) VALUES (3, 1, 1, 2, '2024-05-26 11:45:33.129000', '2024-05-26 11:45:33.103490');
INSERT INTO public.squad_player (id, team_id, match_id, player_id, created_on, updated_on) VALUES (4, 1, 1, 5, '2024-05-26 11:45:33.131000', '2024-05-26 11:45:33.103490');
INSERT INTO public.squad_player (id, team_id, match_id, player_id, created_on, updated_on) VALUES (5, 1, 1, 10, '2024-05-26 11:45:33.133000', '2024-05-26 11:45:33.103490');
INSERT INTO public.squad_player (id, team_id, match_id, player_id, created_on, updated_on) VALUES (6, 1, 1, 9, '2024-05-26 11:45:33.135000', '2024-05-26 11:45:33.103490');
INSERT INTO public.squad_player (id, team_id, match_id, player_id, created_on, updated_on) VALUES (7, 1, 1, 1, '2024-05-26 11:45:33.136000', '2024-05-26 11:45:33.103490');
INSERT INTO public.squad_player (id, team_id, match_id, player_id, created_on, updated_on) VALUES (8, 1, 1, 11, '2024-05-26 11:45:33.138000', '2024-05-26 11:45:33.103490');
INSERT INTO public.squad_player (id, team_id, match_id, player_id, created_on, updated_on) VALUES (9, 1, 1, 4, '2024-05-26 11:45:33.139000', '2024-05-26 11:45:33.103490');
INSERT INTO public.squad_player (id, team_id, match_id, player_id, created_on, updated_on) VALUES (10, 1, 1, 3, '2024-05-26 11:45:33.140000', '2024-05-26 11:45:33.103490');
INSERT INTO public.squad_player (id, team_id, match_id, player_id, created_on, updated_on) VALUES (11, 1, 1, 8, '2024-05-26 11:45:33.142000', '2024-05-26 11:45:33.103490');
INSERT INTO public.squad_player (id, team_id, match_id, player_id, created_on, updated_on) VALUES (12, 2, 1, 18, '2024-05-26 11:53:48.486000', '2024-05-26 11:53:48.493996');
INSERT INTO public.squad_player (id, team_id, match_id, player_id, created_on, updated_on) VALUES (13, 2, 1, 13, '2024-05-26 11:53:48.489000', '2024-05-26 11:53:48.493996');
INSERT INTO public.squad_player (id, team_id, match_id, player_id, created_on, updated_on) VALUES (14, 2, 1, 17, '2024-05-26 11:53:48.491000', '2024-05-26 11:53:48.493996');
INSERT INTO public.squad_player (id, team_id, match_id, player_id, created_on, updated_on) VALUES (15, 2, 1, 15, '2024-05-26 11:53:48.492000', '2024-05-26 11:53:48.493996');
INSERT INTO public.squad_player (id, team_id, match_id, player_id, created_on, updated_on) VALUES (16, 2, 1, 20, '2024-05-26 11:53:48.493000', '2024-05-26 11:53:48.493996');
INSERT INTO public.squad_player (id, team_id, match_id, player_id, created_on, updated_on) VALUES (17, 2, 1, 14, '2024-05-26 11:53:48.494000', '2024-05-26 11:53:48.493996');
INSERT INTO public.squad_player (id, team_id, match_id, player_id, created_on, updated_on) VALUES (18, 2, 1, 16, '2024-05-26 11:53:48.495000', '2024-05-26 11:53:48.493996');
INSERT INTO public.squad_player (id, team_id, match_id, player_id, created_on, updated_on) VALUES (19, 2, 1, 22, '2024-05-26 11:53:48.495000', '2024-05-26 11:53:48.493996');
INSERT INTO public.squad_player (id, team_id, match_id, player_id, created_on, updated_on) VALUES (20, 2, 1, 21, '2024-05-26 11:53:48.496000', '2024-05-26 11:53:48.493996');
INSERT INTO public.squad_player (id, team_id, match_id, player_id, created_on, updated_on) VALUES (21, 2, 1, 12, '2024-05-26 11:53:48.497000', '2024-05-26 11:53:48.493996');
INSERT INTO public.squad_player (id, team_id, match_id, player_id, created_on, updated_on) VALUES (22, 2, 1, 19, '2024-05-26 11:53:48.498000', '2024-05-26 11:53:48.493996');
